{
  "description": "Virasoro E_1 ordered shadow coefficients S_r via Catalan formula",
  "r_max": 50,
  "formula": "S_r = (-6)^{r-4} * D / (2r * c^{r-3}) * F_r(D/144), D=80/(5c+22)",
  "cross_check": "All values verified against convolution recursion",
  "exact_c13": {
    "2": {
      "numerator": 13,
      "denominator": 2,
      "float": 6.5
    },
    "3": {
      "numerator": 2,
      "denominator": 1,
      "float": 2.0
    },
    "4": {
      "numerator": 10,
      "denominator": 1131,
      "float": 0.008841732979664015
    },
    "5": {
      "numerator": -16,
      "denominator": 4901,
      "float": -0.0032646398694144052
    },
    "6": {
      "numerator": 62240,
      "denominator": 49887279,
      "float": 0.001247612642894394
    },
    "7": {
      "numerator": -81920,
      "denominator": 168138607,
      "float": -0.0004872170732329191
    },
    "8": {
      "numerator": 47171920,
      "denominator": 244497554379,
      "float": 0.000192934117970268
    },
    "9": {
      "numerator": -734961920,
      "denominator": 9535404620781,
      "float": -7.707716129824838e-05
    },
    "10": {
      "numerator": 111271331072,
      "denominator": 3594847542034437,
      "float": 3.095300420140434e-05
    },
    "11": {
      "numerator": -194113264640,
      "denominator": 15577672682149227,
      "float": -1.2460992639962089e-05
    },
    "12": {
      "numerator": 795656764136960,
      "denominator": 158565130231596981633,
      "float": 5.017854574803679e-06
    },
    "13": {
      "numerator": -667399487057920,
      "denominator": 330833419865924566617,
      "float": -2.017327896705218e-06
    },
    "14": {
      "numerator": 1465687678219386880,
      "denominator": 1813297974285132549627777,
      "float": 8.082994074910462e-07
    },
    "15": {
      "numerator": -83470593873707008,
      "denominator": 259042567755018935661111,
      "float": -3.2222732579089703e-07
    },
    "16": {
      "numerator": 485894819939380152320,
      "denominator": 3808702873702043411025315033,
      "float": 1.275748820666319e-07
    },
    "17": {
      "numerator": -14045949157346257469440,
      "denominator": 280574445029383864612198207431,
      "float": -5.006139869892734e-08
    },
    "18": {
      "numerator": 9789323419046962952273920,
      "denominator": 503994225168370298450746862371791,
      "float": 1.942348330633476e-08
    },
    "19": {
      "numerator": -11416820828515233337180160,
      "denominator": 1536871279217129181695487345751017,
      "float": -7.42861226109377e-09
    },
    "20": {
      "numerator": 6889134963905544459293949952,
      "denominator": 2470075697550182832707110372484147691,
      "float": 2.7890379921304347e-09
    },
    "21": {
      "numerator": -229694191857698336738540257280,
      "denominator": 224776888477066637776347043896057439881,
      "float": -1.021876374452676e-09
    },
    "22": {
      "numerator": 13148759893719977350451733463040,
      "denominator": 36317522981080338189292643806634423500773,
      "float": 3.620500192309327e-10
    },
    "23": {
      "numerator": -442060599103752099833320528936960,
      "denominator": 3619646457114340372866166832727897542243709,
      "float": -1.2212811509115515e-10
    },
    "24": {
      "numerator": 60961405753345262565591325600645120,
      "denominator": 1601929621172472637191509225666837786195596257,
      "float": 3.8054983781826094e-11
    },
    "25": {
      "numerator": -39256447164859436961838612273430528,
      "denominator": 3856497236155952645090670358086831707507916915,
      "float": -1.0179301257321567e-11
    },
    "26": {
      "numerator": 179172448929531471581612007256500469760,
      "denominator": 102063741953761749133382627294911235871880024322241,
      "float": 1.7554955903018187e-12
    },
    "27": {
      "numerator": 317033733524499685789095924044933365760,
      "denominator": 918573677583855742200443645654201122846920218900169,
      "float": 3.451369675194704e-13
    },
    "28": {
      "numerator": -488464944062548969985257922421407445155840,
      "denominator": 808038645047931767888990260293812254397674152559181997,
      "float": -6.045069094852188e-13
    },
    "29": {
      "numerator": 6476081508429012887995385398339200530513920,
      "denominator": 14506217580146203642578539434798439043234435976895791089,
      "float": 4.4643488026075387e-13
    },
    "30": {
      "numerator": -1359310260727501723280629116462860336598351872,
      "denominator": 5091682370631317478545067341614252104175287027890422672239,
      "float": -2.669668219227432e-13
    },
    "31": {
      "numerator": 1218915412347800985065672289556887682699755520,
      "denominator": 8444230433598440098163218677656558016389467786995227723919,
      "float": 1.4434890448961495e-13
    },
    "32": {
      "numerator": -203568068632568925553619477155124482255020359680,
      "denominator": 2772703922051565218038819449027938840284786858187884612960371,
      "float": -7.341861026472162e-14
    },
    "33": {
      "numerator": 44473647242577083093524950615530922550419783680,
      "denominator": 1242936240919667166707056994391834652541456177808362067878787,
      "float": 3.578111714698283e-14
    },
    "34": {
      "numerator": -403261648829822474865773194024671268733834221322240,
      "denominator": 23897935104162440614276584831171804864414577930721377479105437649,
      "float": -1.687433023280677e-14
    },
    "35": {
      "numerator": 330191808326504598002194777210781836693231938568192,
      "denominator": 42641413617231021488219004306600671424739737092071477462717545609,
      "float": 7.743453612735694e-15
    },
    "36": {
      "numerator": -645176345979473148665790403754252063560953771788861440,
      "denominator": 186020121089911957597963390644380671899611050225798101039857955751719,
      "float": -3.46831483712254e-15
    },
    "37": {
      "numerator": 1677355688665146330281673490553467662431290131522519040,
      "denominator": 1104638003015403106229881369135149422021147100723566501236687366871319,
      "float": 1.5184663972146152e-15
    },
    "38": {
      "numerator": -11257938619804592552202140145810432394676018651519757844480,
      "denominator": 17322007655771511579564752973414083786619881385976093370730532981644321561,
      "float": -6.499211202030363e-16
    },
    "39": {
      "numerator": 41854827772832826510508076064943106264292494672481348485120,
      "denominator": 154074699675020287207707539605630534733618944959471567350182109152520544411,
      "float": 2.7165282723973814e-16
    },
    "40": {
      "numerator": -1482582422406472678678377006057992369935811429184881869979648,
      "denominator": 13404498871726764987070555945689856521824848211474026359465843496269287363757,
      "float": -1.1060334568221622e-16
    },
    "41": {
      "numerator": 103993258702836684025825440636062896309287149516434049534525440,
      "denominator": 2381532632876788579369535439684231175377548032238552016531764861170510054960827,
      "float": 4.3666526868967284e-17
    },
    "42": {
      "numerator": -68648426307080743402599522580743679428255001542359081534221189120,
      "denominator": 4138813285130971137702866065459037169248205608319354800827752235438593974295702591,
      "float": -1.6586499940382885e-17
    },
    "43": {
      "numerator": 73169931128488460241994302058859429491075025739899149714047631360,
      "denominator": 12241251991472025745904244077204242209575380608732906527315944442381873183234379621,
      "float": 5.977324147845574e-18
    },
    "44": {
      "numerator": -5760301471050844455873568034407495189630634782788564817438645944320,
      "denominator": 2897760558632412792268820940973534452355065098053308268408116243697792724003319771213,
      "float": -1.9878459087625227e-18
    },
    "45": {
      "numerator": 64514528792515236232680265756956122614056737359539298422276050911232,